id,employeeNumber,age,firstName,lastName,email,phone,gender,salaryId
1,1,18,Dud,Ishak,dishak0@alexa.com,9706132617,Male,1
2,2,19,Jolyn,Bragg,jbragg1@go.com,6143197266,Genderqueer,1
3,3,20,Sallie,Gaw,sgaw2@mit.edu,9973959270,Female,1
4,4,21,Belle,De Biasi,bdebiasi3@ucla.edu,5925630424,Female,1
5,5,22,Bing,Filov,bfilov4@engadget.com,3439841150,Male,1
6,6,23,West,Douberday,wdouberday5@mozilla.org,6154444318,Male,1
7,7,24,Marion,Northridge,mnorthridge6@newsvine.com,1495042848,Female,1
8,8,25,Hillary,Whittle,hwhittle7@free.fr,8001032454,Non-binary,1
9,9,26,Standford,Semour,ssemour8@live.com,4424419317,Genderqueer,1
10,10,27,Babs,Orridge,borridge9@exblog.jp,6545964163,Female,1
11,11,28,Arliene,Dunnett,adunnetta@microsoft.com,7999508349,Female,1
12,12,29,Anabal,Bick,abickb@icq.com,1003076924,Female,1
13,13,30,Thelma,Hoodlass,thoodlassc@ucsd.edu,6275666711,Female,1
14,14,31,Othello,Sperrett,osperrettd@feedburner.com,3268879247,Male,1
15,15,32,Kristal,Herche,kherchee@cbslocal.com,9289737589,Female,1
16,16,33,Archibaldo,Goldberg,agoldbergf@ted.com,7332120386,Male,1
17,17,34,Traver,Sutheran,tsutherang@wired.com,2318646056,Male,1
18,18,35,Noelani,Baggally,nbaggallyh@discuz.net,6414450261,Female,1
19,19,36,Maye,Peetermann,mpeetermanni@rambler.ru,2224353367,Female,1
20,20,37,Barbara,Coleyshaw,bcoleyshawj@unc.edu,4151110479,Agender,1
21,21,38,Fania,Rewan,frewank@msu.edu,1918844571,Female,1
22,22,39,Wolfgang,Oakes,woakesl@illinois.edu,2572067432,Male,1
23,23,40,Ade,O' Timony,aotimonym@gov.uk,8691441196,Male,1
24,24,41,Cherrita,Dyers,cdyersn@wikimedia.org,4581144414,Female,1
25,25,42,Ram,Picknett,rpicknetto@sitemeter.com,8442596129,Male,1
26,26,43,Lauree,Welbelove,lwelbelovep@wikipedia.org,7122182506,Female,1
27,27,44,Christie,Fleischer,cfleischerq@earthlink.net,7385331171,Male,1
28,28,45,Winthrop,Hamm,whammr@virginia.edu,5821229264,Male,1
29,29,46,Cedric,Thring,cthrings@cpanel.net,3201448534,Male,1
30,30,47,Lenci,Skipsey,lskipseyt@oaic.gov.au,4438191410,Male,1
31,31,48,Marna,Breen,mbreenu@gravatar.com,7551257502,Female,1
32,32,49,Moss,Doret,mdoretv@flavors.me,5309011228,Male,1
33,33,50,Goldie,Garland,ggarlandw@webeden.co.uk,2573793499,Female,1
34,34,51,Arlena,Armytage,aarmytagex@cocolog-nifty.com,2585868992,Female,1
35,35,52,Ianthe,Hamlen,ihamleny@sakura.ne.jp,4078434247,Bigender,1
36,36,53,Mame,Kenworth,mkenworthz@gmpg.org,7502761808,Female,1
37,37,54,Joletta,O'Keefe,jokeefe10@artisteer.com,3453114328,Female,1
38,38,55,Demetris,Golby,dgolby11@privacy.gov.au,3231360870,Female,1
39,39,56,Brianna,Benez,bbenez12@ustream.tv,1433095021,Female,1
40,40,57,Gratia,Mahedy,gmahedy13@sbwire.com,3625879986,Female,1
41,41,58,Allissa,Kensall,akensall14@de.vu,6216001159,Female,1
42,42,59,Ingaberg,Laba,ilaba15@jalbum.net,6745500587,Female,1
43,43,60,Glory,Babalola,gbabalola16@deviantart.com,2204835637,Bigender,1
44,44,61,Yorke,Hemms,yhemms17@phpbb.com,5607501697,Male,1
45,45,62,Haskel,Najara,hnajara18@twitpic.com,7145544153,Male,1
46,46,63,Lennie,Portress,lportress19@seesaa.net,8701835539,Male,1
47,47,64,Fabian,Goodoune,fgoodoune1a@yellowbook.com,7468939654,Male,1
48,48,65,Valentin,Lambarton,vlambarton1b@ebay.com,2299400648,Male,1
49,49,66,Colas,Abrahamsen,cabrahamsen1c@deviantart.com,5577941168,Polygender,1
50,50,67,Christabella,O'Scully,coscully1d@samsung.com,5389282462,Female,1
51,51,68,Bennie,Trinke,btrinke1e@hatena.ne.jp,5537481871,Non-binary,1
52,52,69,Cristian,Mackleden,cmackleden1f@wufoo.com,7302522548,Male,1
53,53,70,Rufus,Santello,rsantello1g@trellian.com,7165444886,Male,1
54,54,71,Smith,Songust,ssongust1h@prlog.org,5862722263,Male,1
55,55,72,Jeni,Rodger,jrodger1i@cnet.com,2885619583,Genderqueer,1
56,56,73,Constanta,Comiam,ccomiam1j@who.int,5609788891,Female,1
57,57,74,Burty,Cutbirth,bcutbirth1k@domainmarket.com,1043380122,Male,1
58,58,75,Keefer,Caddie,kcaddie1l@nsw.gov.au,4957088739,Male,1
59,59,18,Jarib,Ankers,jankers1m@linkedin.com,2038069578,Male,1
60,60,19,Nikita,Rennolds,nrennolds1n@arizona.edu,9395199155,Male,1
61,61,20,Norris,Millson,nmillson1o@bizjournals.com,1176076908,Male,1
62,62,21,Tait,O' Culligan,toculligan1p@biglobe.ne.jp,8914460089,Male,1
63,63,22,Mabel,Ferrarone,mferrarone1q@slate.com,4436691163,Female,1
64,64,23,Shepherd,Doud,sdoud1r@uiuc.edu,8742264208,Male,1
65,65,24,Alvin,Larmour,alarmour1s@hatena.ne.jp,5226219071,Male,1
66,66,25,May,Tellwright,mtellwright1t@youtu.be,9012669397,Female,1
67,67,26,Bret,Vallens,bvallens1u@tumblr.com,5512052523,Male,1
68,68,27,Gertrudis,Creavan,gcreavan1v@biglobe.ne.jp,8963238268,Female,1
69,69,28,Bev,Bolino,bbolino1w@bbb.org,6888971545,Polygender,1
70,70,29,Gilberte,Hedgeman,ghedgeman1x@topsy.com,2048198853,Female,1
71,71,30,Alf,Hacquoil,ahacquoil1y@rambler.ru,6494159535,Male,1
72,72,31,Clemens,Gallager,cgallager1z@bbc.co.uk,2251817339,Male,1
73,73,32,Ezra,Kares,ekares20@unc.edu,8353960847,Male,1
74,74,33,Ugo,Coom,ucoom21@symantec.com,9259619539,Male,1
75,75,34,Arthur,Ruggiero,aruggiero22@phpbb.com,6995661150,Male,1
76,76,35,Rockey,Kindall,rkindall23@elpais.com,8436645976,Male,1
77,77,36,Rurik,Farrear,rfarrear24@symantec.com,4672615095,Male,1
78,78,37,Nichole,Dillow,ndillow25@techcrunch.com,3902056658,Male,1
79,79,38,Jorge,Brydie,jbrydie26@people.com.cn,2935933922,Male,1
80,80,39,Albrecht,Defries,adefries27@noaa.gov,9905876042,Male,1
81,81,40,Murvyn,Longstaff,mlongstaff28@webs.com,3212785972,Male,1
82,82,41,Ewan,Crosland,ecrosland29@cloudflare.com,5624532275,Male,1
83,83,42,Jacynth,Weond,jweond2a@google.ru,7104395441,Female,1
84,84,43,Genni,Butt Gow,gbuttgow2b@360.cn,8353919721,Female,1
85,85,44,Ardelis,Loyley,aloyley2c@free.fr,6793697397,Female,1
86,86,45,Sholom,Furtado,sfurtado2d@jiathis.com,1955740892,Male,1
87,87,46,Hedwig,Linn,hlinn2e@redcross.org,7399379018,Female,1
88,88,47,Rutherford,Blacksell,rblacksell2f@usgs.gov,3559061899,Male,1
89,89,48,Rice,Scrinage,rscrinage2g@statcounter.com,1426145150,Male,1
90,90,49,Kerry,Kleynen,kkleynen2h@unicef.org,9622540894,Male,1
91,91,50,Deny,Frisel,dfrisel2i@e-recht24.de,3474913346,Female,1
92,92,51,Julee,Chaff,jchaff2j@youtu.be,6658492954,Female,1
93,93,52,Georgie,Eakly,geakly2k@squidoo.com,6279587492,Male,1
94,94,53,Euell,Snoddy,esnoddy2l@blogger.com,4557848545,Male,1
95,95,54,Daffie,Jarrold,djarrold2m@barnesandnoble.com,8844958889,Female,1
96,96,55,Elysia,Frewer,efrewer2n@blinklist.com,3561923030,Female,1
97,97,56,Kimball,Manie,kmanie2o@geocities.jp,7699030823,Male,1
98,98,57,Durand,Perell,dperell2p@unc.edu,9705282511,Male,1
99,99,58,Greta,Haigh,ghaigh2q@vimeo.com,9822227378,Female,1
100,100,59,Oberon,Worswick,oworswick2r@cnet.com,2713188770,Male,1
101,101,60,Martin,Ridesdale,mridesdale2s@mit.edu,8687838805,Male,1
102,102,61,Curcio,Pitherick,cpitherick2t@weather.com,1935224872,Male,1
103,103,62,Sherwynd,Slimings,sslimings2u@oaic.gov.au,8966149723,Male,1
104,104,63,Seumas,Suarez,ssuarez2v@nytimes.com,1619276373,Bigender,1
105,105,64,Sisile,Louis,slouis2w@mediafire.com,7975432634,Female,1
106,106,65,Kilian,Pittam,kpittam2x@blogspot.com,4171628247,Male,1
107,107,66,Vivyanne,Ashmore,vashmore2y@xinhuanet.com,4748337890,Female,1
108,108,67,Aksel,Hortop,ahortop2z@ifeng.com,6286501193,Male,1
109,109,68,Birk,Alves,balves30@devhub.com,1404077680,Male,1
110,110,69,Lauren,Eliesco,leliesco31@foxnews.com,7124107384,Male,1
111,111,70,Eugene,Moyles,emoyles32@qq.com,1068402143,Male,1
112,112,71,Karoline,Hourston,khourston33@eepurl.com,5445978074,Female,1
113,113,72,Stormi,Crowley,scrowley34@pagesperso-orange.fr,5938370502,Non-binary,1
114,114,73,Daria,Zielinski,dzielinski35@google.com.au,7704306333,Female,1
115,115,74,Selby,Caveney,scaveney36@sourceforge.net,5596576782,Male,1
116,116,75,Cooper,Fanthome,cfanthome37@skype.com,1964425822,Bigender,1
117,117,18,Valentijn,O'Hollegan,vohollegan38@shareasale.com,2408983205,Male,1
118,118,19,Bobbe,O'Moylane,bomoylane39@flickr.com,4947695268,Female,1
119,119,20,Erinna,Raeside,eraeside3a@vimeo.com,9306899684,Female,1
120,120,21,Aili,Saiger,asaiger3b@zimbio.com,3129717316,Female,1
121,121,22,Chrotoem,de Chastelain,cdechastelain3c@photobucket.com,4825283275,Male,1
122,122,23,Adella,MacCall,amaccall3d@soundcloud.com,2922795260,Female,1
123,123,24,Leroi,Paulucci,lpaulucci3e@elegantthemes.com,4054128795,Male,1
124,124,25,Audrie,Barnhill,abarnhill3f@dropbox.com,3848931752,Female,1
125,125,26,Oswald,Domenget,odomenget3g@hp.com,7861838601,Male,1
126,126,27,Hagen,Blackston,hblackston3h@mayoclinic.com,9618153185,Male,1
127,127,28,Morris,Ducarne,mducarne3i@trellian.com,6328726702,Male,1
128,128,29,Aarika,Buddle,abuddle3j@indiatimes.com,5659073379,Female,1
129,129,30,Carolann,Bramwell,cbramwell3k@nydailynews.com,7255881540,Female,1
130,130,31,Marcela,Spencers,mspencers3l@opensource.org,7042083568,Female,1
131,131,32,Dulcine,Honatsch,dhonatsch3m@youku.com,8076006133,Female,1
132,132,33,Fons,O'Malley,fomalley3n@craigslist.org,4798059539,Male,1
133,133,34,Dimitri,Rasor,drasor3o@live.com,9401050350,Male,1
134,134,35,Leanna,Burwood,lburwood3p@sakura.ne.jp,8209365324,Female,1
135,135,36,Frances,Goady,fgoady3q@chron.com,2388194748,Female,1
136,136,37,Chantal,McCane,cmccane3r@t-online.de,1562354088,Non-binary,1
137,137,38,Lewie,Harness,lharness3s@webs.com,3071198396,Male,1
138,138,39,Blinni,Boughey,bboughey3t@soundcloud.com,7314966333,Female,1
139,139,40,Arluene,Scad,ascad3u@hugedomains.com,7049541777,Female,1
140,140,41,Gareth,Shovel,gshovel3v@xrea.com,1305906029,Male,1
141,141,42,Horacio,Bremmell,hbremmell3w@ibm.com,6155877396,Male,1
142,142,43,Georgina,Westcot,gwestcot3x@soup.io,6728324301,Female,1
143,143,44,Nari,Chevers,nchevers3y@sina.com.cn,5904957146,Female,1
144,144,45,Ralina,Hankin,rhankin3z@cdbaby.com,7824726317,Female,1
145,145,46,Cybill,Lantaff,clantaff40@sphinn.com,9865961507,Female,1
146,146,47,Mac,Warrillow,mwarrillow41@arstechnica.com,9303982038,Male,1
147,147,48,Mitch,MacEllen,mmacellen42@newyorker.com,6672577323,Agender,1
148,148,49,Meir,Avramov,mavramov43@aol.com,8525521539,Male,1
149,149,50,Merrile,Bomb,mbomb44@webs.com,3309452042,Female,1
150,150,51,Bathsheba,Waker,bwaker45@gov.uk,4437656334,Female,1
151,151,52,Sunny,Corhard,scorhard46@cloudflare.com,9795580634,Female,1
152,152,53,Shayna,Rappa,srappa47@elpais.com,5435570631,Female,1
153,153,54,Zita,Duiguid,zduiguid48@yahoo.co.jp,4082081473,Female,1
154,154,55,Franky,Boobier,fboobier49@acquirethisname.com,6388768410,Male,1
155,155,56,Kristos,Gilhooley,kgilhooley4a@livejournal.com,7221497198,Male,1
156,156,57,Aubert,Thornally,athornally4b@about.com,5071262590,Polygender,1
157,157,58,Lucretia,Ianno,lianno4c@webnode.com,4135588244,Female,1
158,158,59,Urban,Whitlow,uwhitlow4d@a8.net,8243775383,Male,1
159,159,60,Harold,Rhubottom,hrhubottom4e@wordpress.com,7121081850,Male,1
160,160,61,Catharina,Banville,cbanville4f@gnu.org,2809196653,Female,1
161,161,62,Clerc,Walework,cwalework4g@fda.gov,6718456387,Genderfluid,1
162,162,63,Randi,Tonbye,rtonbye4h@cdc.gov,8347513349,Female,1
163,163,64,Louie,Crosscombe,lcrosscombe4i@jiathis.com,8958176813,Male,1
164,164,65,Arch,Shortell,ashortell4j@toplist.cz,5976121921,Male,1
165,165,66,Leigh,Privost,lprivost4k@phoca.cz,4705079762,Male,1
166,166,67,Nicola,Oakenfall,noakenfall4l@goo.ne.jp,3151847781,Male,1
167,167,68,Ira,Gresham,igresham4m@harvard.edu,2076431381,Female,1
168,168,69,Shandie,Slee,sslee4n@sbwire.com,8997071382,Female,1
169,169,70,Archambault,Oscroft,aoscroft4o@hibu.com,6657623223,Male,1
170,170,71,Myrwyn,Kiledal,mkiledal4p@cnbc.com,5419323537,Male,1
171,171,72,Robinett,Hradsky,rhradsky4q@angelfire.com,4778388084,Female,1
172,172,73,Daniel,Duthy,dduthy4r@patch.com,2607283162,Genderfluid,1
173,173,74,Daveen,D'Errico,dderrico4s@qq.com,3908519424,Female,1
174,174,75,Jaquelyn,Fer,jfer4t@army.mil,1234141211,Agender,1
175,175,18,Anallise,Edgerly,aedgerly4u@seesaa.net,7291680784,Female,1
176,176,19,Hilary,Marcroft,hmarcroft4v@disqus.com,2956648435,Female,1
177,177,20,Kippar,Butner,kbutner4w@gizmodo.com,9199660249,Male,1
178,178,21,Brant,Benezeit,bbenezeit4x@4shared.com,3433373161,Male,1
179,179,22,Rachele,Bissett,rbissett4y@youtube.com,4437129398,Female,1
180,180,23,Moishe,Pridham,mpridham4z@japanpost.jp,4441751331,Genderfluid,1
181,181,24,Bran,Robbey,brobbey50@scribd.com,5065292603,Male,1
182,182,25,Shawn,Ishaki,sishaki51@virginia.edu,1164530569,Male,1
183,183,26,Killian,Braunfeld,kbraunfeld52@bbb.org,9511743028,Male,1
184,184,27,Ranee,Aartsen,raartsen53@accuweather.com,7786138378,Female,1
185,185,28,Trudi,Asple,tasple54@gmpg.org,4598834118,Female,1
186,186,29,Roderich,Hazeup,rhazeup55@mail.ru,8673564923,Male,1
187,187,30,Monroe,Veevers,mveevers56@homestead.com,8517737320,Male,1
188,188,31,Enriqueta,Costi,ecosti57@timesonline.co.uk,6162173402,Female,1
189,189,32,Patrice,Stadden,pstadden58@java.com,2635038911,Male,1
190,190,33,Sorcha,Alcock,salcock59@flavors.me,4029190798,Female,1
191,191,34,Templeton,Foulis,tfoulis5a@newyorker.com,6171263288,Male,1
192,192,35,Frans,Sellner,fsellner5b@chicagotribune.com,4572669247,Male,1
193,193,36,Marsha,Tulloch,mtulloch5c@twitpic.com,3609453849,Genderqueer,1
194,194,37,Annabela,Cadore,acadore5d@fda.gov,2474812853,Polygender,1
195,195,38,Tyrus,Clampin,tclampin5e@mapquest.com,3686735420,Polygender,1
196,196,39,Rheta,Crownshaw,rcrownshaw5f@live.com,1617557217,Female,1
197,197,40,Georgy,Nutkin,gnutkin5g@zdnet.com,8311375214,Male,1
198,198,41,Jakob,Attwoull,jattwoull5h@walmart.com,1314543150,Male,1
199,199,42,Lilla,Sackes,lsackes5i@alexa.com,5477892293,Bigender,1
200,200,43,Charmine,Tremmil,ctremmil5j@cbsnews.com,3578485216,Female,1
201,201,44,Maribelle,Ledington,mledington5k@wordpress.com,4067872333,Female,1
202,202,45,Tyrus,Alvaro,talvaro5l@uiuc.edu,5413838391,Male,1
203,203,46,Kariotta,Gothliff,kgothliff5m@nih.gov,6975155872,Female,1
204,204,47,Dre,Willey,dwilley5n@ocn.ne.jp,5344933593,Female,1
205,205,48,Steffane,Silburn,ssilburn5o@ucla.edu,5398869020,Female,1
206,206,49,Olga,Klimowicz,oklimowicz5p@eventbrite.com,1876782929,Female,1
207,207,50,Edward,Heater,eheater5q@lulu.com,4801723779,Male,1
208,208,51,Felisha,Garn,fgarn5r@posterous.com,1148004183,Female,1
209,209,52,Maryrose,Dicky,mdicky5s@shutterfly.com,7232016587,Female,1
210,210,53,Connie,Wayon,cwayon5t@berkeley.edu,2099668745,Female,1
211,211,54,Olga,Fynes,ofynes5u@indiatimes.com,5009344159,Female,1
212,212,55,Waylin,Rainford,wrainford5v@harvard.edu,1046621015,Male,1
213,213,56,Aksel,Glanfield,aglanfield5w@zimbio.com,2168867151,Agender,1
214,214,57,Maryanne,Rothschild,mrothschild5x@arstechnica.com,8962046368,Female,1
215,215,58,Ivor,Miall,imiall5y@auda.org.au,1158042082,Male,1
216,216,59,Veronique,Perrycost,vperrycost5z@flickr.com,7535115132,Female,1
217,217,60,Nathanial,Capstake,ncapstake60@timesonline.co.uk,6696603009,Male,1
218,218,61,Obadiah,Halley,ohalley61@smugmug.com,9993749848,Male,1
219,219,62,Wald,Golling,wgolling62@uiuc.edu,3636631366,Male,1
220,220,63,Gannon,Shaddock,gshaddock63@myspace.com,7927259777,Non-binary,1
221,221,64,Luciano,Eltringham,leltringham64@icq.com,5756395637,Male,1
222,222,65,Gustavo,Skpsey,gskpsey65@hao123.com,4639373761,Male,1
223,223,66,Beverlee,Sandaver,bsandaver66@clickbank.net,3099419020,Female,1
224,224,67,Jan,Gisburn,jgisburn67@google.com.au,9707492429,Male,1
225,225,68,Kettie,Lewisham,klewisham68@bbb.org,1915877069,Female,1
226,226,69,Ive,Deller,ideller69@fotki.com,6057974121,Male,1
227,227,70,Svend,Hackwell,shackwell6a@chron.com,4817723310,Male,1
228,228,71,Rockwell,Toft,rtoft6b@redcross.org,5253162022,Male,1
229,229,72,Klaus,Lowson,klowson6c@nature.com,9478724371,Male,1
230,230,73,Lily,Josifovitz,ljosifovitz6d@skyrock.com,7811135073,Non-binary,1
231,231,74,Bron,Schneider,bschneider6e@geocities.com,7619215730,Male,1
232,232,75,Chen,Tabor,ctabor6f@engadget.com,8914357131,Male,1
233,233,18,Lucilia,Agate,lagate6g@sun.com,9941188357,Female,1
234,234,19,Berte,Tibbs,btibbs6h@weather.com,3569550302,Female,1
235,235,20,Luella,Backshaw,lbackshaw6i@bigcartel.com,9898740324,Female,1
236,236,21,Wynn,Littleover,wlittleover6j@ihg.com,7806504576,Polygender,1
237,237,22,Elianore,Tremmel,etremmel6k@skype.com,5615732620,Female,1
238,238,23,Osbert,Veregan,overegan6l@howstuffworks.com,2938236717,Male,1
239,239,24,Sheena,Fruchter,sfruchter6m@cbslocal.com,5629274523,Non-binary,1
240,240,25,Byron,Butchard,bbutchard6n@reference.com,4955536236,Male,1
241,241,26,Michel,Peers,mpeers6o@hostgator.com,7782552303,Male,1
242,242,27,Darb,Lippi,dlippi6p@devhub.com,3374731727,Male,1
243,243,28,Joelly,Fleckness,jfleckness6q@artisteer.com,7027274959,Female,1
244,244,29,Alfi,Kemster,akemster6r@pen.io,7927160941,Female,1
245,245,30,Omar,McIlwraith,omcilwraith6s@cyberchimps.com,9312408767,Male,1
246,246,31,Mannie,Greenhaugh,mgreenhaugh6t@mozilla.com,1543936323,Male,1
247,247,32,Hogan,O'Lahy,holahy6u@cbslocal.com,1836666642,Male,1
248,248,33,Con,Bascombe,cbascombe6v@tinyurl.com,2322046166,Male,1
249,249,34,Claudetta,Hallowes,challowes6w@shareasale.com,1659427705,Non-binary,1
250,250,35,Gordon,Greser,ggreser6x@reference.com,2684834880,Male,1
251,251,36,Cly,Durnan,cdurnan6y@imgur.com,2147437019,Male,1
252,252,37,Bertram,Albrooke,balbrooke6z@printfriendly.com,2406609166,Male,1
253,253,38,Florian,Tuckie,ftuckie70@marketwatch.com,6926212826,Male,1
254,254,39,Adolpho,Purveys,apurveys71@hexun.com,1379049837,Male,1
255,255,40,Gav,Pippin,gpippin72@surveymonkey.com,5757932194,Male,1
256,256,41,Catherina,Malicki,cmalicki73@google.pl,7344564150,Female,1
257,257,42,Rance,Traill,rtraill74@unicef.org,5635217455,Male,1
258,258,43,Lolita,Abbs,labbs75@rediff.com,4848647383,Female,1
259,259,44,Winfield,Brugger,wbrugger76@fotki.com,6356908188,Male,1
260,260,45,Elly,Trazzi,etrazzi77@huffingtonpost.com,4842448600,Female,1
261,261,46,Crysta,Kobierski,ckobierski78@omniture.com,5236137176,Female,1
262,262,47,Pietra,Ridett,pridett79@theguardian.com,9737576955,Female,1
263,263,48,Richy,Ganter,rganter7a@chronoengine.com,4299274857,Male,1
264,264,49,Caryl,Bardnam,cbardnam7b@devhub.com,2009236305,Male,1
265,265,50,Marget,Onn,monn7c@baidu.com,6952518854,Female,1
266,266,51,Kameko,Bulluck,kbulluck7d@photobucket.com,9045450936,Female,1
267,267,52,Karyn,Ather,kather7e@nature.com,1101698585,Female,1
268,268,53,Hillie,Jessup,hjessup7f@technorati.com,2208912026,Male,1
269,269,54,Kacy,Tomsett,ktomsett7g@amazon.com,8853018615,Female,1
270,270,55,Ardra,Huie,ahuie7h@list-manage.com,8584123456,Female,1
271,271,56,Chan,Freyn,cfreyn7i@tripod.com,3083455126,Male,1
272,272,57,Sergei,Piris,spiris7j@berkeley.edu,9067627422,Male,1
273,273,58,Clayborn,Bentjens,cbentjens7k@nhs.uk,4322764674,Male,1
274,274,59,Sonni,Gyves,sgyves7l@java.com,5615220447,Female,1
275,275,60,Marybelle,Kloska,mkloska7m@wsj.com,1047452578,Female,1
276,276,61,Rand,Petrillo,rpetrillo7n@ucla.edu,5596700276,Male,1
277,277,62,Irma,Klesse,iklesse7o@a8.net,5317426506,Female,1
278,278,63,Abram,McGlew,amcglew7p@businessweek.com,1366818355,Male,1
279,279,64,Aldric,Bromont,abromont7q@blogger.com,2706421006,Male,1
280,280,65,Betty,Craighall,bcraighall7r@walmart.com,2503267527,Female,1
281,281,66,Ruggiero,Twidell,rtwidell7s@weibo.com,7072138127,Male,1
282,282,67,Kalila,Metzke,kmetzke7t@list-manage.com,9881849540,Female,1
283,283,68,Torrence,Guillard,tguillard7u@acquirethisname.com,8654111598,Male,1
284,284,69,Mirabelle,Bonder,mbonder7v@wix.com,5502810512,Female,1
285,285,70,Edgardo,Guillou,eguillou7w@blinklist.com,9163394665,Male,1
286,286,71,Flinn,Connerly,fconnerly7x@unicef.org,2739462623,Male,1
287,287,72,Faber,Salmond,fsalmond7y@huffingtonpost.com,4821026827,Male,1
288,288,73,Mercy,Fairburne,mfairburne7z@theguardian.com,1555803491,Female,1
289,289,74,Ana,Ruthven,aruthven80@google.es,3835820300,Female,1
290,290,75,Maitilde,Heustice,mheustice81@hatena.ne.jp,5154441747,Female,1
291,291,18,Corine,Bolletti,cbolletti82@jigsy.com,8295239417,Female,1
292,292,19,Torry,Seagar,tseagar83@hao123.com,9479601537,Male,1
293,293,20,Xymenes,Mamwell,xmamwell84@intel.com,2394160282,Male,1
294,294,21,Zeb,Tewes,ztewes85@parallels.com,5432460684,Male,1
295,295,22,Libbi,Kyttor,lkyttor86@tripod.com,8128713590,Female,1
296,296,23,Zaneta,Yorke,zyorke87@stumbleupon.com,8628207674,Bigender,1
297,297,24,Meredith,Staines,mstaines88@washingtonpost.com,1803996530,Female,1
298,298,25,Syd,Saddler,ssaddler89@reddit.com,4465337492,Non-binary,1
299,299,26,Kinny,Reckhouse,kreckhouse8a@thetimes.co.uk,7046692945,Male,1
300,300,27,Marget,Wilmot,mwilmot8b@telegraph.co.uk,8873376732,Female,1
301,301,28,Francklin,Barenskie,fbarenskie8c@fastcompany.com,6025558524,Male,1
302,302,29,Grata,Bansal,gbansal8d@ehow.com,1285646279,Female,1
303,303,30,Brooks,Headington,bheadington8e@theatlantic.com,7388855371,Male,1
304,304,31,Sascha,Cornfoot,scornfoot8f@wp.com,4273510327,Female,1
305,305,32,Leonora,Sibille,lsibille8g@theatlantic.com,9255840848,Female,1
306,306,33,Carol-jean,Pedder,cpedder8h@youku.com,1165329296,Female,1
307,307,34,Otes,Hammonds,ohammonds8i@networkadvertising.org,3183094799,Male,1
308,308,35,Antonio,Leachman,aleachman8j@auda.org.au,6325073533,Male,1
309,309,36,Padgett,Fanner,pfanner8k@biglobe.ne.jp,4254771576,Male,1
310,310,37,Rea,Saunder,rsaunder8l@usa.gov,4907600450,Female,1
311,311,38,Courtnay,Reuter,creuter8m@thetimes.co.uk,9191882511,Male,1
312,312,39,Bertine,Ridewood,bridewood8n@ameblo.jp,8965133684,Female,1
313,313,40,Fredia,Pettiward,fpettiward8o@senate.gov,8055506595,Female,1
314,314,41,Ginger,Schelle,gschelle8p@stumbleupon.com,6378879454,Male,1
315,315,42,Briana,Bebbell,bbebbell8q@squarespace.com,8529130273,Female,1
316,316,43,Emily,Leonarde,eleonarde8r@globo.com,8885633997,Female,1
317,317,44,Hephzibah,Littrell,hlittrell8s@yandex.ru,9065299811,Female,1
318,318,45,Shirlee,Tansley,stansley8t@1und1.de,4833243344,Female,1
319,319,46,Krissy,Bockmann,kbockmann8u@bravesites.com,3013222753,Female,1
320,320,47,Ree,Trattles,rtrattles8v@biglobe.ne.jp,3178192297,Female,1
321,321,48,Sibylla,McRavey,smcravey8w@hibu.com,3704797678,Female,1
322,322,49,Tandie,Greneham,tgreneham8x@cyberchimps.com,6241981226,Female,1
323,323,50,Elmira,Penhale,epenhale8y@bing.com,8438948195,Female,1
324,324,51,Ruthi,Norssister,rnorssister8z@ucsd.edu,3436101147,Female,1
325,325,52,Franklin,McDiarmid,fmcdiarmid90@fotki.com,7341649135,Male,1
326,326,53,Chiquia,Waith,cwaith91@hud.gov,2953819446,Genderqueer,1
327,327,54,Griffin,Cornford,gcornford92@opera.com,6021304416,Polygender,1
328,328,55,Pietrek,Dedham,pdedham93@reverbnation.com,5442435960,Male,1
329,329,56,Ninon,Phittiplace,nphittiplace94@facebook.com,6614902085,Female,1
330,330,57,Kiah,Meedendorpe,kmeedendorpe95@multiply.com,4562751773,Female,1
331,331,58,Caryl,Hryncewicz,chryncewicz96@mit.edu,8017132994,Female,1
332,332,59,Alena,Malthus,amalthus97@samsung.com,5446062666,Female,1
333,333,60,Rebecka,Balding,rbalding98@ibm.com,5104947329,Female,1
334,334,61,Sibylla,Buckoke,sbuckoke99@stanford.edu,2168388128,Female,1
335,335,62,Lilah,Rentz,lrentz9a@123-reg.co.uk,8646069350,Female,1
336,336,63,Georgetta,Iacomini,giacomini9b@spotify.com,2459329165,Female,1
337,337,64,Joy,Bellany,jbellany9c@nih.gov,3963442213,Female,1
338,338,65,Mozes,Edlyne,medlyne9d@eepurl.com,1808547508,Male,1
339,339,66,Wildon,Plewes,wplewes9e@naver.com,2656304578,Male,1
340,340,67,Wrennie,Bateman,wbateman9f@tripadvisor.com,8449718890,Female,1
341,341,68,Bennie,Godfrey,bgodfrey9g@yahoo.com,4165972857,Female,1
342,342,69,Waverly,Grosvener,wgrosvener9h@exblog.jp,2857536523,Male,1
343,343,70,Meggi,Stoffel,mstoffel9i@creativecommons.org,2129650195,Female,1
344,344,71,Web,Nials,wnials9j@seesaa.net,4176657238,Male,1
345,345,72,Karol,Ellerby,kellerby9k@salon.com,1812625719,Genderqueer,1
346,346,73,Pauly,Mityushkin,pmityushkin9l@meetup.com,2518657968,Agender,1
347,347,74,Joann,Aspel,jaspel9m@imageshack.us,7973271242,Female,1
348,348,75,Alisa,Gaither,agaither9n@seesaa.net,8219588665,Female,1
349,349,18,Celestyn,Strover,cstrover9o@prnewswire.com,9633765442,Non-binary,1
350,350,19,Murdock,Aiston,maiston9p@sbwire.com,7478675659,Male,1
351,351,20,Ulla,Rocks,urocks9q@yale.edu,2355146933,Polygender,1
352,352,21,Rafaello,Rouchy,rrouchy9r@hhs.gov,3258684484,Bigender,1
353,353,22,Tonye,Corley,tcorley9s@europa.eu,8195583263,Genderqueer,1
354,354,23,Cathlene,Caw,ccaw9t@google.com,7783973520,Female,1
355,355,24,Corrie,enzley,cenzley9u@shareasale.com,3106074261,Male,1
356,356,25,Napoleon,Lugton,nlugton9v@163.com,5797927004,Genderfluid,1
357,357,26,Essy,Reisk,ereisk9w@dot.gov,9361176982,Female,1
358,358,27,Rey,Flood,rflood9x@ocn.ne.jp,4769023534,Male,1
359,359,28,Demetria,Sedgwick,dsedgwick9y@hao123.com,1585137040,Female,1
360,360,29,Rheta,Salvage,rsalvage9z@uiuc.edu,3381805071,Female,1
361,361,30,Emmett,Challice,echallicea0@storify.com,3151697168,Male,1
362,362,31,Dix,Calderhead,dcalderheada1@acquirethisname.com,1403366471,Female,1
363,363,32,Vania,Craythorn,vcraythorna2@vistaprint.com,1516506741,Female,1
364,364,33,Myra,Pirouet,mpiroueta3@chicagotribune.com,5173178464,Female,1
365,365,34,Anatol,Kinze,akinzea4@virginia.edu,8241037095,Male,1
366,366,35,Isidore,Bezants,ibezantsa5@mapy.cz,3295285346,Male,1
367,367,36,Saree,Bolletti,sbollettia6@i2i.jp,9044005419,Female,1
368,368,37,Salim,Lelievre,slelievrea7@phoca.cz,9863658030,Male,1
369,369,38,Culley,Malyon,cmalyona8@github.com,5265145137,Male,1
370,370,39,Baxie,Licciardi,blicciardia9@arizona.edu,3976741596,Male,1
371,371,40,Sig,Longworthy,slongworthyaa@tamu.edu,8581751002,Male,1
372,372,41,Any,Comford,acomfordab@reuters.com,9122970025,Male,1
373,373,42,Devonna,Benedek,dbenedekac@msn.com,9853848964,Female,1
374,374,43,Burton,Whorton,bwhortonad@ovh.net,7621612420,Agender,1
375,375,44,Sig,Wilshin,swilshinae@networksolutions.com,1506081353,Male,1
376,376,45,Rhoda,Dawkins,rdawkinsaf@amazon.co.uk,9113556577,Female,1
377,377,46,Alene,Fisher,afisherag@hhs.gov,9128441133,Female,1
378,378,47,Elie,Missen,emissenah@nhs.uk,5015418158,Female,1
379,379,48,Emmi,Widocks,ewidocksai@ft.com,4961264866,Female,1
380,380,49,Jana,Jessett,jjessettaj@amazon.co.uk,6519393093,Female,1
381,381,50,Wilbert,Rakes,wrakesak@blinklist.com,6829316687,Male,1
382,382,51,Genvieve,Bisco,gbiscoal@ucoz.com,8231826498,Female,1
383,383,52,Jany,Meaney,jmeaneyam@themeforest.net,4505125682,Bigender,1
384,384,53,Mair,Fernihough,mfernihoughan@multiply.com,2471222857,Female,1
385,385,54,Tove,Bonehill,tbonehillao@hp.com,5318518112,Female,1
386,386,55,Hyacinthia,Sturney,hsturneyap@house.gov,6686610697,Female,1
387,387,56,Rowland,Slad,rsladaq@chicagotribune.com,1461014882,Male,1
388,388,57,Alonzo,Persent,apersentar@hibu.com,9618181431,Male,1
389,389,58,Linc,Godridge,lgodridgeas@hc360.com,4069624087,Male,1
390,390,59,Rabbi,Cammocke,rcammockeat@imgur.com,7735641703,Male,1
391,391,60,Selene,Corness,scornessau@w3.org,7829422179,Female,1
392,392,61,Payton,Hedan,phedanav@dailymotion.com,7227985478,Agender,1
393,393,62,Giorgia,Baldry,gbaldryaw@ucsd.edu,7101708786,Female,1
394,394,63,Connie,Mattacks,cmattacksax@google.ca,4288877459,Female,1
395,395,64,Quill,Davidovicz,qdavidoviczay@businesswire.com,4528279504,Male,1
396,396,65,Vi,Galbraeth,vgalbraethaz@ustream.tv,3864984742,Female,1
397,397,66,Clementia,Barwick,cbarwickb0@issuu.com,6413604646,Genderqueer,1
398,398,67,Adore,Gartell,agartellb1@boston.com,2667890641,Female,1
399,399,68,Milicent,Cullerne,mcullerneb2@photobucket.com,7032978367,Female,1
400,400,69,Pippa,Cousin,pcousinb3@miitbeian.gov.cn,7838074287,Genderqueer,1
401,401,70,Marin,Pauer,mpauerb4@plala.or.jp,4362315658,Female,1
402,402,71,Gabi,Downse,gdownseb5@patch.com,8683860089,Male,1
403,403,72,Chad,Freer,cfreerb6@ed.gov,9086554059,Male,1
404,404,73,Kelsi,Smalecombe,ksmalecombeb7@so-net.ne.jp,2672448745,Female,1
405,405,74,Larissa,Rubes,lrubesb8@harvard.edu,2441008994,Genderfluid,1
406,406,75,Octavia,Oag,ooagb9@seesaa.net,1159770042,Female,1
407,407,18,Efrem,Hawtrey,ehawtreyba@java.com,1579836431,Male,1
408,408,19,Rod,MacCombe,rmaccombebb@spiegel.de,5589058163,Male,1
409,409,20,Neilla,Snalum,nsnalumbc@msu.edu,5218705496,Female,1
410,410,21,Justis,Stanistreet,jstanistreetbd@tripadvisor.com,9822268716,Male,1
411,411,22,Krishnah,Allibon,kallibonbe@un.org,7391295719,Male,1
412,412,23,Nata,Ruspine,nruspinebf@miibeian.gov.cn,3778027642,Female,1
413,413,24,Antoinette,Pharro,apharrobg@admin.ch,4281414223,Female,1
414,414,25,Karilynn,Vousden,kvousdenbh@wikia.com,7865707127,Female,1
415,415,26,Thaxter,Sisnett,tsisnettbi@hp.com,7758407859,Male,1
416,416,27,Bibbie,Few,bfewbj@comsenz.com,5257536127,Female,1
417,417,28,Hilly,Saich,hsaichbk@cocolog-nifty.com,4976813428,Non-binary,1
418,418,29,Dulcia,McIlheran,dmcilheranbl@netscape.com,4729808295,Bigender,1
419,419,30,Maje,Astles,mastlesbm@nyu.edu,5499141929,Male,1
420,420,31,Goddard,Cuttell,gcuttellbn@engadget.com,2232165429,Male,1
421,421,32,Jackelyn,Vondruska,jvondruskabo@furl.net,1384586249,Genderfluid,1
422,422,33,Roxana,Aish,raishbp@dmoz.org,2095488501,Female,1
423,423,34,Rubetta,Aireton,rairetonbq@blog.com,4996655526,Female,1
424,424,35,Eugenio,Aymeric,eaymericbr@sourceforge.net,4121333064,Male,1
425,425,36,Doralynn,Yushin,dyushinbs@youku.com,5447835127,Female,1
426,426,37,Ole,Caesman,ocaesmanbt@ftc.gov,6742951248,Male,1
427,427,38,Rina,Vawton,rvawtonbu@bandcamp.com,1829424676,Female,1
428,428,39,Eleanor,Askie,easkiebv@chron.com,9402839063,Female,1
429,429,40,Parsifal,Jellett,pjellettbw@smh.com.au,5141506499,Agender,1
430,430,41,Marjory,Josifovic,mjosifovicbx@illinois.edu,5798804831,Female,1
431,431,42,Abigael,Hoodless,ahoodlessby@spiegel.de,3077593629,Female,1
432,432,43,Jourdan,Liddle,jliddlebz@adobe.com,2778482881,Female,1
433,433,44,Cordy,Randalson,crandalsonc0@bandcamp.com,9532248072,Male,1
434,434,45,Percival,Cello,pcelloc1@oaic.gov.au,7769033217,Male,1
435,435,46,Clarissa,Stansbie,cstansbiec2@nih.gov,1074868131,Female,1
436,436,47,Wallis,Gregoletti,wgregolettic3@webs.com,6654813922,Male,1
437,437,48,Winfield,Licence,wlicencec4@ask.com,3963119634,Male,1
438,438,49,Lou,De Winton,ldewintonc5@issuu.com,8278366391,Female,1
439,439,50,Natale,Rodway,nrodwayc6@statcounter.com,1979237297,Male,1
440,440,51,Kristina,Woodrow,kwoodrowc7@ox.ac.uk,9776794675,Female,1
441,441,52,Eberhard,Brough,ebroughc8@creativecommons.org,9857526706,Male,1
442,442,53,Jakob,Hanscomb,jhanscombc9@bloglines.com,1156480123,Male,1
443,443,54,Charlotta,Romanin,cromaninca@oracle.com,5867023870,Female,1
444,444,55,Jourdain,Soltan,jsoltancb@reuters.com,8474983098,Male,1
445,445,56,Job,Adrien,jadriencc@seattletimes.com,8918820223,Male,1
446,446,57,Peder,Allenson,pallensoncd@unicef.org,6137669887,Male,1
447,447,58,Orella,Housego,ohousegoce@salon.com,2913261469,Female,1
448,448,59,Ethan,McKeeman,emckeemancf@merriam-webster.com,9326918780,Male,1
449,449,60,Domeniga,Mancell,dmancellcg@accuweather.com,6977221275,Female,1
450,450,61,Padgett,Brudenell,pbrudenellch@reddit.com,1479942763,Male,1
451,451,62,Dedra,Bickardike,dbickardikeci@wikimedia.org,5916265988,Female,1
452,452,63,Florinda,Denacamp,fdenacampcj@hibu.com,9136645808,Female,1
453,453,64,Mal,Ousbie,mousbieck@reverbnation.com,8597120612,Male,1
454,454,65,Julina,Troughton,jtroughtoncl@yandex.ru,9365323141,Female,1
455,455,66,Donall,Campo,dcampocm@netscape.com,6344437245,Male,1
456,456,67,Sophronia,Mallinson,smallinsoncn@netscape.com,2068234377,Female,1
457,457,68,Dion,Craddock,dcraddockco@npr.org,2802009092,Male,1
458,458,69,Shirline,Bramley,sbramleycp@mozilla.org,4831950292,Female,1
459,459,70,Nicol,Lockhart,nlockhartcq@usgs.gov,3637298528,Female,1
460,460,71,Ruthanne,Pleven,rplevencr@tripod.com,7467275629,Female,1
461,461,72,Gilbertine,Linney,glinneycs@pinterest.com,2673479941,Female,1
462,462,73,Codi,Varley,cvarleyct@independent.co.uk,7928304589,Male,1
463,463,74,Elinore,Bavage,ebavagecu@pbs.org,3141857063,Female,1
464,464,75,Clo,Naismith,cnaismithcv@jalbum.net,4744031185,Female,1
465,465,18,Gherardo,Gatecliff,ggatecliffcw@blogspot.com,6908382168,Male,1
466,466,19,Dermot,Adamowitz,dadamowitzcx@amazon.com,7233381914,Male,1
467,467,20,Monroe,Stit,mstitcy@cargocollective.com,3756097386,Male,1
468,468,21,Kimbra,Figurski,kfigurskicz@google.fr,1715140140,Female,1
469,469,22,Niven,Annes,nannesd0@sciencedaily.com,4989839653,Male,1
470,470,23,Alfy,Gissing,agissingd1@xrea.com,4298627332,Female,1
471,471,24,Llywellyn,Melia,lmeliad2@nhs.uk,9397127725,Male,1
472,472,25,Maure,Shankland,mshanklandd3@acquirethisname.com,6228672558,Female,1
473,473,26,Rikki,Sainthill,rsainthilld4@zdnet.com,6255452291,Female,1
474,474,27,Faustine,Mattingly,fmattinglyd5@dmoz.org,8785335156,Female,1
475,475,28,Daisie,Hullot,dhullotd6@photobucket.com,4872532828,Female,1
476,476,29,Adrien,O'Keefe,aokeefed7@blogspot.com,5771212868,Male,1
477,477,30,Janna,MacNockater,jmacnockaterd8@tiny.cc,2622076924,Female,1
478,478,31,Rozele,Eouzan,reouzand9@cocolog-nifty.com,6472163862,Female,1
479,479,32,Jodi,Trowel,jtrowelda@ucoz.com,5734277082,Female,1
480,480,33,Barclay,Branca,bbrancadb@bing.com,5923893331,Male,1
481,481,34,Horatio,McEvay,hmcevaydc@telegraph.co.uk,5044434110,Male,1
482,482,35,Rosanna,O'Gormally,rogormallydd@google.com.br,5507613765,Female,1
483,483,36,Wenonah,Pree,wpreede@economist.com,4505329334,Female,1
484,484,37,Grange,Gate,ggatedf@vimeo.com,7874036496,Male,1
485,485,38,Pace,Ragot,pragotdg@unesco.org,7374612480,Agender,1
486,486,39,Merridie,Chessell,mchesselldh@webmd.com,4137922510,Female,1
487,487,40,Conchita,Espinho,cespinhodi@phoca.cz,2487899370,Female,1
488,488,41,Cassaundra,Spier,cspierdj@ucsd.edu,4336385909,Female,1
489,489,42,Dareen,Winn,dwinndk@youtu.be,5218459630,Female,1
490,490,43,Chic,Echalie,cechaliedl@com.com,4644188850,Male,1
491,491,44,Pamelina,Talks,ptalksdm@google.ca,7424093799,Female,1
492,492,45,Vladimir,Bremen,vbremendn@intel.com,5811028326,Male,1
493,493,46,Moore,Keemer,mkeemerdo@squidoo.com,6842711436,Male,1
494,494,47,Isabelita,Hauger,ihaugerdp@adobe.com,8171654973,Female,1
495,495,48,Ellis,McTrustie,emctrustiedq@weather.com,9127143598,Male,1
496,496,49,Chrissie,Scawton,cscawtondr@yellowpages.com,9954759250,Male,1
497,497,50,Beverley,Neesham,bneeshamds@timesonline.co.uk,7645067280,Female,1
498,498,51,Verge,Buxsey,vbuxseydt@oakley.com,7444290065,Male,1
499,499,52,Edd,Bartalin,ebartalindu@nature.com,2177581301,Male,1
500,500,53,Alessandra,Withey,awitheydv@amazon.co.jp,9527183758,Female,1
501,501,54,Tally,Ruse,trusedw@toplist.cz,9703043791,Male,1
502,502,55,Esme,Fliege,efliegedx@unicef.org,2672548772,Female,1
503,503,56,Vallie,Tassaker,vtassakerdy@admin.ch,8145521543,Female,1
504,504,57,Anett,Hedger,ahedgerdz@engadget.com,6274055538,Female,1
505,505,58,Hestia,Casine,hcasinee0@aboutads.info,5685137192,Female,1
506,506,59,Gabie,Dungee,gdungeee1@si.edu,5812128874,Female,1
507,507,60,Brandon,Rawdall,brawdalle2@auda.org.au,5277962748,Male,1
508,508,61,Lisle,Olliar,lolliare3@disqus.com,5736134047,Male,1
509,509,62,Hiram,Reen,hreene4@japanpost.jp,3704984530,Male,1
510,510,63,Brnaba,Chazerand,bchazerande5@indiegogo.com,4346683764,Male,1
511,511,64,Diarmid,Gras,dgrase6@jugem.jp,1425824011,Male,1
512,512,65,Marylou,Aneley,maneleye7@nhs.uk,3384101750,Female,1
513,513,66,Beverlie,Achrameev,bachrameeve8@boston.com,2589655323,Female,1
514,514,67,Hansiain,Danielsson,hdanielssone9@ustream.tv,7795506462,Male,1
515,515,68,Emerson,Orrin,eorrinea@wikispaces.com,4036017090,Male,1
516,516,69,Aura,Danilovitch,adanilovitcheb@nbcnews.com,4065844030,Female,1
517,517,70,Umeko,Hudleston,uhudlestonec@oaic.gov.au,1069585236,Female,1
518,518,71,Maggi,Chippendale,mchippendaleed@illinois.edu,7619514799,Female,1
519,519,72,Butch,Rubenfeld,brubenfeldee@163.com,4553274853,Male,1
520,520,73,Tobey,Desborough,tdesboroughef@skype.com,9853128615,Polygender,1
521,521,74,Shaine,Svanini,ssvaninieg@mapy.cz,6695430301,Male,1
522,522,75,Samuel,Cescot,scescoteh@t.co,5586391294,Male,1
523,523,18,Jethro,Wildish,jwildishei@purevolume.com,6587181277,Male,1
524,524,19,Brianne,Ellerman,bellermanej@ameblo.jp,8712602344,Female,1
525,525,20,Ragnar,Davidoff,rdavidoffek@psu.edu,5527854318,Male,1
526,526,21,Judd,Frackiewicz,jfrackiewiczel@toplist.cz,3461885436,Male,1
527,527,22,Monte,Stuckley,mstuckleyem@networkadvertising.org,4922311545,Male,1
528,528,23,Sean,Roskrug,sroskrugen@nhs.uk,1534506629,Female,1
529,529,24,Jacki,Loyns,jloynseo@people.com.cn,9235625825,Female,1
530,530,25,Van,Bau,vbauep@si.edu,9463286164,Male,1
531,531,26,Salvidor,Schubuser,sschubusereq@hibu.com,9983704834,Male,1
532,532,27,Aili,Curmi,acurmier@eventbrite.com,8355139931,Female,1
533,533,28,Mohandas,Collis,mcollises@pbs.org,5139295651,Male,1
534,534,29,Dallas,Ateggart,dateggartet@umn.edu,9599436642,Female,1
535,535,30,Conrad,Muscott,cmuscotteu@cornell.edu,7321476235,Male,1
536,536,31,Amitie,Woodworth,awoodworthev@hhs.gov,2578157988,Female,1
537,537,32,Pandora,Guilloton,pguillotonew@prlog.org,6845378714,Genderfluid,1
538,538,33,Hardy,Prati,hpratiex@utexas.edu,7476576210,Male,1
539,539,34,Kirk,Koppes,kkoppesey@miitbeian.gov.cn,1242011939,Male,1
540,540,35,Ginny,Vankov,gvankovez@si.edu,5456195951,Female,1
541,541,36,Roland,Rubinshtein,rrubinshteinf0@de.vu,5224366687,Male,1
542,542,37,Tabbatha,Sirrell,tsirrellf1@unblog.fr,5423599264,Female,1
543,543,38,Rory,Orton,rortonf2@smugmug.com,3089167351,Male,1
544,544,39,Veda,Kennington,vkenningtonf3@ycombinator.com,4808239694,Female,1
545,545,40,Brantley,Doige,bdoigef4@devhub.com,5262338245,Male,1
546,546,41,Timmie,Cheasman,tcheasmanf5@opera.com,9892524107,Female,1
547,547,42,Yuri,Mandifield,ymandifieldf6@github.io,3683956913,Male,1
548,548,43,Bailie,Eastmond,beastmondf7@amazon.co.uk,5502747810,Agender,1
549,549,44,Maurie,Ciccetti,mciccettif8@washington.edu,9018265444,Male,1
550,550,45,Felipa,Barker,fbarkerf9@ask.com,2571630999,Female,1
551,551,46,Marnia,Simonini,msimoninifa@seesaa.net,5849164588,Female,1
552,552,47,Quinton,Lawrenceson,qlawrencesonfb@networkadvertising.org,1714866649,Male,1
553,553,48,Isak,Bywaters,ibywatersfc@over-blog.com,7412137007,Male,1
554,554,49,Happy,Tattershall,htattershallfd@naver.com,1003943207,Female,1
555,555,50,Therine,Housegoe,thousegoefe@sogou.com,7462698350,Female,1
556,556,51,Carlin,Smallsman,csmallsmanff@tumblr.com,2599707267,Male,1
557,557,52,Thacher,Uglow,tuglowfg@jalbum.net,2926440870,Male,1
558,558,53,Skylar,Reinisch,sreinischfh@typepad.com,7451537625,Male,1
559,559,54,Chandal,Guilbert,cguilbertfi@naver.com,7357914646,Female,1
560,560,55,Chase,Oakland,coaklandfj@narod.ru,6617299215,Male,1
561,561,56,Dagny,Cardon,dcardonfk@ed.gov,6923083269,Male,1
562,562,57,Gweneth,Labbez,glabbezfl@list-manage.com,2825058235,Female,1
563,563,58,Khalil,Keneforde,kkenefordefm@yahoo.co.jp,6263018549,Male,1
564,564,59,Hillier,Cella,hcellafn@google.pl,6379751164,Male,1
565,565,60,Rubetta,McKeowon,rmckeowonfo@jigsy.com,8291820874,Female,1
566,566,61,Olivette,Fransseni,ofranssenifp@ning.com,4572478387,Female,1
567,567,62,Maitilde,Sacase,msacasefq@buzzfeed.com,3062729466,Female,1
568,568,63,Alexia,Darcy,adarcyfr@nba.com,6495535476,Female,1
569,569,64,Alleen,Aldridge,aaldridgefs@nih.gov,5093446314,Female,1
570,570,65,Aeriela,Randles,arandlesft@about.com,2337114341,Female,1
571,571,66,Norton,Geard,ngeardfu@nationalgeographic.com,8288703353,Male,1
572,572,67,Keene,Boon,kboonfv@theglobeandmail.com,8486020871,Male,1
573,573,68,Zsazsa,Geggie,zgeggiefw@cpanel.net,8052047227,Female,1
574,574,69,Brooke,Matzke,bmatzkefx@csmonitor.com,3392474417,Female,1
575,575,70,Julie,Royste,jroystefy@ihg.com,2254847291,Female,1
576,576,71,Corbie,Noke,cnokefz@ebay.co.uk,7452594715,Bigender,1
577,577,72,Nonah,Ryland,nrylandg0@opensource.org,8167403311,Female,1
578,578,73,Tasha,Saffin,tsaffing1@smh.com.au,4411422506,Female,1
579,579,74,Brynna,Diben,bdibeng2@economist.com,4197429981,Female,1
580,580,75,Ernaline,Comolli,ecomollig3@ft.com,3137980186,Female,1
581,581,18,Ray,Pascall,rpascallg4@storify.com,8987427439,Male,1
582,582,19,Shandy,Le Barr,slebarrg5@microsoft.com,4479926121,Female,1
583,583,20,Rosana,Spadaro,rspadarog6@pen.io,7552924752,Female,1
584,584,21,Dennis,Shawell,dshawellg7@fc2.com,3231816864,Male,1
585,585,22,Devondra,Rosenthal,drosenthalg8@hc360.com,7714465623,Female,1
586,586,23,Montague,Bleackley,mbleackleyg9@bing.com,1085641117,Male,1
587,587,24,Seth,Kliemchen,skliemchenga@adobe.com,3829775006,Male,1
588,588,25,Aubry,Eim,aeimgb@tripod.com,5644465120,Female,1
589,589,26,Leupold,Platt,lplattgc@alexa.com,4656020259,Male,1
590,590,27,Lombard,Streets,lstreetsgd@ovh.net,6012860094,Male,1
591,591,28,Kati,Boulder,kboulderge@theatlantic.com,5762830943,Female,1
592,592,29,Maggee,Hunnaball,mhunnaballgf@dion.ne.jp,2671079844,Agender,1
593,593,30,Jonis,Trowell,jtrowellgg@a8.net,4596860039,Female,1
594,594,31,Jehanna,Vint,jvintgh@spiegel.de,4054078744,Female,1
595,595,32,Kaycee,Krook,kkrookgi@miibeian.gov.cn,1569175206,Female,1
596,596,33,Ulberto,Gwin,ugwingj@bravesites.com,6839346514,Male,1
597,597,34,Trumaine,Franzotto,tfranzottogk@homestead.com,1258790616,Genderfluid,1
598,598,35,Winnifred,Raspel,wraspelgl@berkeley.edu,8211580450,Female,1
599,599,36,Ladonna,Agglio,laggliogm@cafepress.com,1999760998,Female,1
600,600,37,Jonie,Greally,jgreallygn@creativecommons.org,7263189095,Female,1
601,601,38,Pooh,Jori,pjorigo@unesco.org,2261744517,Male,1
602,602,39,Meier,Morgan,mmorgangp@state.tx.us,9628465628,Male,1
603,603,40,Cherise,Roback,crobackgq@clickbank.net,4438392523,Female,1
604,604,41,Odille,Groarty,ogroartygr@prweb.com,1401624041,Female,1
605,605,42,Eolande,Tommis,etommisgs@weibo.com,7559276832,Female,1
606,606,43,Wittie,Handrek,whandrekgt@usatoday.com,9504296684,Genderqueer,1
607,607,44,Justin,Whatham,jwhathamgu@reuters.com,5255413867,Male,1
608,608,45,Sibby,Sarjent,ssarjentgv@gravatar.com,5197877196,Female,1
609,609,46,Tiffany,Frondt,tfrondtgw@hexun.com,9891389745,Female,1
610,610,47,Foster,Ranklin,franklingx@dailymail.co.uk,1316787379,Male,1
611,611,48,Lombard,Kebbell,lkebbellgy@blogtalkradio.com,9252635740,Male,1
612,612,49,Damaris,Saiger,dsaigergz@meetup.com,3762828072,Genderfluid,1
613,613,50,Rufe,Bilbery,rbilberyh0@nymag.com,9627098888,Male,1
614,614,51,Cosme,Alan,calanh1@opensource.org,5379049112,Male,1
615,615,52,Armstrong,Buckenhill,abuckenhillh2@utexas.edu,2646061400,Genderqueer,1
616,616,53,Christi,Warsap,cwarsaph3@netscape.com,7226483683,Female,1
617,617,54,Margi,Walsh,mwalshh4@unc.edu,6075278870,Female,1
618,618,55,Georgianne,Halladay,ghalladayh5@shareasale.com,8229239988,Female,1
619,619,56,Averell,Sutherington,asutheringtonh6@intel.com,8551630073,Male,1
620,620,57,Carlene,Ruddy,cruddyh7@jugem.jp,7985530339,Female,1
621,621,58,Yuri,Lodevick,ylodevickh8@spiegel.de,3141119106,Male,1
622,622,59,Inez,Mandres,imandresh9@jalbum.net,8178926982,Female,1
623,623,60,Prentice,Streeter,pstreeterha@cisco.com,9749971346,Male,1
624,624,61,Truman,Danielli,tdaniellihb@stanford.edu,9238791522,Male,1
625,625,62,Wylma,Farman,wfarmanhc@independent.co.uk,8207867209,Female,1
626,626,63,Brandea,Lacoste,blacostehd@nsw.gov.au,4863161576,Female,1
627,627,64,Tanya,Broadbere,tbroadberehe@rakuten.co.jp,3252299048,Female,1
628,628,65,Stavro,Donaldson,sdonaldsonhf@cargocollective.com,9039816240,Male,1
629,629,66,Peirce,Frankum,pfrankumhg@mlb.com,5826461409,Male,1
630,630,67,Bambi,Keeley,bkeeleyhh@naver.com,3847170806,Female,1
631,631,68,Margaretha,Dunlop,mdunlophi@toplist.cz,7609109131,Female,1
632,632,69,Corby,Wince,cwincehj@jiathis.com,9781617132,Male,1
633,633,70,Elia,Newdick,enewdickhk@dmoz.org,7089881811,Male,1
634,634,71,Waite,McFadden,wmcfaddenhl@mysql.com,9483602731,Male,1
635,635,72,Salvador,Orum,sorumhm@hibu.com,6568102925,Male,1
636,636,73,Ira,Lewsley,ilewsleyhn@furl.net,5108412632,Female,1
637,637,74,Aleda,Rive,ariveho@noaa.gov,4015603625,Female,1
638,638,75,Chrissy,Molesworth,cmolesworthhp@storify.com,4002784353,Male,1
639,639,18,Tasia,Eckery,teckeryhq@vistaprint.com,8647049054,Female,1
640,640,19,Windy,Jouaneton,wjouanetonhr@webeden.co.uk,5118893525,Female,1
641,641,20,Sadella,Buntain,sbuntainhs@twitpic.com,3612212481,Female,1
642,642,21,Lombard,Jelphs,ljelphsht@amazon.de,1476234460,Genderqueer,1
643,643,22,Mohandis,Westover,mwestoverhu@adobe.com,4921428917,Male,1
644,644,23,Winny,Meenehan,wmeenehanhv@weather.com,5029302686,Male,1
645,645,24,Yasmeen,Bartel,ybartelhw@dell.com,5491104425,Non-binary,1
646,646,25,Loraine,Katte,lkattehx@tinyurl.com,8703027808,Female,1
647,647,26,Alvin,Farries,afarrieshy@japanpost.jp,2373145811,Male,1
648,648,27,Silvia,Mazzilli,smazzillihz@reuters.com,2912006403,Female,1
649,649,28,Arabelle,Dury,aduryi0@ehow.com,7567599449,Female,1
650,650,29,Babara,Headly,bheadlyi1@techcrunch.com,6655530965,Female,1
651,651,30,Ashli,Keaveney,akeaveneyi2@php.net,4565272114,Female,1
652,652,31,Lenci,Murdy,lmurdyi3@hc360.com,9417235498,Male,1
653,653,32,Felizio,Klyn,fklyni4@wikispaces.com,1783891545,Male,1
654,654,33,Priscella,Twede,ptwedei5@hexun.com,8811533666,Non-binary,1
655,655,34,Peggy,Bosnell,pbosnelli6@cbc.ca,1818041326,Female,1
656,656,35,Lorianne,McNirlan,lmcnirlani7@accuweather.com,3061953839,Agender,1
657,657,36,Louis,Burnyeat,lburnyeati8@wufoo.com,2431571006,Male,1
658,658,37,Hort,Banke,hbankei9@shutterfly.com,2522476730,Male,1
659,659,38,Todd,Frankling,tfranklingia@yahoo.com,9138006525,Male,1
660,660,39,Artair,Pallis,apallisib@tripadvisor.com,8034493542,Male,1
661,661,40,Rochelle,Creeboe,rcreeboeic@paypal.com,4326976300,Genderfluid,1
662,662,41,Philbert,Pickering,ppickeringid@tripadvisor.com,1157452106,Male,1
663,663,42,Corey,Severy,cseveryie@yellowbook.com,9654214376,Female,1
664,664,43,Carmita,Enos,cenosif@tinypic.com,8054660763,Female,1
665,665,44,Hale,Winskill,hwinskillig@archive.org,2967032647,Male,1
666,666,45,Sisely,Paris,sparisih@blog.com,1042417948,Female,1
667,667,46,Birgitta,Tournie,btournieii@webnode.com,4054240132,Female,1
668,668,47,Harper,Baxstare,hbaxstareij@spiegel.de,8069156806,Male,1
669,669,48,Deedee,Biggins,dbigginsik@msn.com,1924536602,Female,1
670,670,49,Wallas,Spurdens,wspurdensil@reuters.com,8754873733,Male,1
671,671,50,Myrlene,Cogley,mcogleyim@ucoz.ru,7702207867,Female,1
672,672,51,Carlyn,Geroldini,cgeroldiniin@hibu.com,4414851908,Female,1
673,673,52,Amargo,Cheatle,acheatleio@printfriendly.com,6465457456,Female,1
674,674,53,Chandra,Hawney,chawneyip@bbb.org,1778625218,Female,1
675,675,54,Jens,Mannock,jmannockiq@mit.edu,4476792676,Male,1
676,676,55,Ennis,Staneland,estanelandir@bloglovin.com,8518441062,Male,1
677,677,56,Shani,Astley,sastleyis@jiathis.com,3806762462,Female,1
678,678,57,Trish,Pinfold,tpinfoldit@wisc.edu,8582885331,Female,1
679,679,58,Susannah,Strangwood,sstrangwoodiu@naver.com,9537884756,Female,1
680,680,59,Justino,McKeney,jmckeneyiv@bbb.org,2789287869,Male,1
681,681,60,Milton,Egan,meganiw@seesaa.net,5604248529,Male,1
682,682,61,Katrine,Troop,ktroopix@ca.gov,6364534516,Female,1
683,683,62,Marcella,Pankethman,mpankethmaniy@jugem.jp,1436472369,Female,1
684,684,63,Ferdie,Wipfler,fwipfleriz@toplist.cz,2329794063,Male,1
685,685,64,Ransom,Gianilli,rgianillij0@washingtonpost.com,3503513169,Male,1
686,686,65,Emelen,Fanner,efannerj1@sitemeter.com,9163070245,Male,1
687,687,66,Christel,Franey,cfraneyj2@unc.edu,7811231504,Female,1
688,688,67,Elaine,Collymore,ecollymorej3@ca.gov,3327283297,Female,1
689,689,68,Ella,Fitchett,efitchettj4@github.io,9627255626,Female,1
690,690,69,Lyda,Bessey,lbesseyj5@w3.org,1439261592,Female,1
691,691,70,Wat,Lippini,wlippinij6@sphinn.com,7249981917,Male,1
692,692,71,Selena,Merrington,smerringtonj7@dot.gov,9251996226,Female,1
693,693,72,Gaspar,Garton,ggartonj8@blogspot.com,9965346393,Male,1
694,694,73,Kandace,Shalloe,kshalloej9@bbb.org,7744962145,Female,1
695,695,74,Vanda,Peartree,vpeartreeja@pagesperso-orange.fr,6458281434,Female,1
696,696,75,Carmelle,Bawdon,cbawdonjb@soup.io,8343316944,Female,1
697,697,18,Raviv,Liverseege,rliverseegejc@tamu.edu,9492729885,Male,1
698,698,19,Paton,Medlin,pmedlinjd@goodreads.com,8298530295,Male,1
699,699,20,Janet,Tomasello,jtomaselloje@indiegogo.com,4855251186,Female,1
700,700,21,Jaimie,Waggatt,jwaggattjf@clickbank.net,2224038136,Female,1
701,701,22,Yevette,Skeats,yskeatsjg@sakura.ne.jp,3424255826,Female,1
702,702,23,Abbey,Huggard,ahuggardjh@stanford.edu,7555762760,Male,1
703,703,24,Bartlett,Mawman,bmawmanji@blogtalkradio.com,2511067965,Male,1
704,704,25,Amelita,Nyland,anylandjj@ifeng.com,9065271741,Female,1
705,705,26,Gal,Maciunas,gmaciunasjk@mediafire.com,9137209612,Male,1
706,706,27,Gil,Bazeley,gbazeleyjl@auda.org.au,3109076428,Male,1
707,707,28,Margette,Harly,mharlyjm@typepad.com,3961253135,Bigender,1
708,708,29,Shandeigh,Strelitzer,sstrelitzerjn@people.com.cn,5294670486,Female,1
709,709,30,Paco,Webburn,pwebburnjo@sciencedaily.com,3601579788,Male,1
710,710,31,Farlee,Clemo,fclemojp@businesswire.com,9249598405,Male,1
711,711,32,Haroun,Millier,hmillierjq@mail.ru,7515555031,Male,1
712,712,33,Perice,Pentony,ppentonyjr@google.co.jp,8129591855,Male,1
713,713,34,Starr,Feild,sfeildjs@omniture.com,8834839281,Female,1
714,714,35,Fancy,Soall,fsoalljt@tamu.edu,4141732880,Female,1
715,715,36,Sapphire,Picker,spickerju@ezinearticles.com,9915512007,Female,1
716,716,37,Win,Wraight,wwraightjv@intel.com,1889981888,Male,1
717,717,38,Clerissa,McGilbon,cmcgilbonjw@virginia.edu,4093247481,Female,1
718,718,39,Francesca,Jacobson,fjacobsonjx@irs.gov,6512315497,Female,1
719,719,40,Shaylah,Trammel,strammeljy@chron.com,5023833657,Female,1
720,720,41,Linnea,Batalini,lbatalinijz@mapquest.com,1769969185,Female,1
721,721,42,Vina,Enderby,venderbyk0@foxnews.com,6999571220,Female,1
722,722,43,Olivier,Doyland,odoylandk1@homestead.com,7378190719,Male,1
723,723,44,Adore,Spratt,asprattk2@time.com,9154002965,Female,1
724,724,45,Aurea,Wodeland,awodelandk3@who.int,6065720196,Female,1
725,725,46,Derril,Pattlel,dpattlelk4@craigslist.org,3095890819,Male,1
726,726,47,Suzy,Herreran,sherrerank5@guardian.co.uk,6261354804,Female,1
727,727,48,Alisander,Laffling,alafflingk6@techcrunch.com,1403946357,Male,1
728,728,49,Matthias,Cissen,mcissenk7@google.it,9507986485,Male,1
729,729,50,Skylar,Wibrew,swibrewk8@examiner.com,2272742848,Male,1
730,730,51,Jermaine,Birney,jbirneyk9@tripadvisor.com,9855078905,Female,1
731,731,52,Aleece,Boskell,aboskellka@mapquest.com,5237546651,Female,1
732,732,53,Agneta,Billitteri,abillitterikb@home.pl,2305606132,Polygender,1
733,733,54,Deck,Anthon,danthonkc@hao123.com,2999095831,Male,1
734,734,55,Sosanna,Ockland,socklandkd@foxnews.com,7474794537,Female,1
735,735,56,Aida,Crutchley,acrutchleyke@google.cn,2539336261,Female,1
736,736,57,Cally,Blaszczyk,cblaszczykkf@php.net,3644192747,Female,1
737,737,58,Antonino,Caselick,acaselickkg@europa.eu,5603384702,Male,1
738,738,59,Maryrose,MacTrustrie,mmactrustriekh@imageshack.us,5064083731,Female,1
739,739,60,Dalt,Neno,dnenoki@nps.gov,4846315628,Male,1
740,740,61,Duke,Mordecai,dmordecaikj@devhub.com,8262150608,Male,1
741,741,62,Cheslie,Gunnell,cgunnellkk@sciencedaily.com,4353866434,Agender,1
742,742,63,Leupold,Bouzek,lbouzekkl@amazon.de,3347709204,Male,1
743,743,64,Dela,Rudram,drudramkm@tinypic.com,3012397383,Female,1
744,744,65,Aggy,Cobley,acobleykn@technorati.com,8964275316,Female,1
745,745,66,Stefano,Dowdell,sdowdellko@about.com,3451075709,Polygender,1
746,746,67,Bernardine,Tanton,btantonkp@xrea.com,7716628307,Female,1
747,747,68,Thomasin,Burgott,tburgottkq@facebook.com,5114790092,Female,1
748,748,69,Russell,Baud,rbaudkr@tripadvisor.com,2001554684,Male,1
749,749,70,Dame,Lippett,dlippettks@harvard.edu,3234334615,Male,1
750,750,71,Lorry,Eton,letonkt@mac.com,6114291742,Male,1
751,751,72,Mariann,Barks,mbarksku@icq.com,3441895193,Female,1
752,752,73,Gordie,Montel,gmontelkv@msu.edu,1637947809,Male,1
753,753,74,Dory,Percy,dpercykw@bluehost.com,3124836291,Female,1
754,754,75,Kore,Santry,ksantrykx@dell.com,7702936321,Female,1
755,755,18,Aldus,Fortin,afortinky@icio.us,8873569124,Male,1
756,756,19,Bowie,Garrould,bgarrouldkz@globo.com,1609614468,Male,1
757,757,20,Gunner,Shayes,gshayesl0@acquirethisname.com,4932022840,Male,1
758,758,21,Juliet,De Zamudio,jdezamudiol1@chron.com,4606554417,Genderqueer,1
759,759,22,Elsi,Philpotts,ephilpottsl2@comsenz.com,7236965947,Female,1
760,760,23,Homerus,Zaple,hzaplel3@utexas.edu,6634575695,Male,1
761,761,24,Crichton,Rigglesford,crigglesfordl4@diigo.com,2345033315,Male,1
762,762,25,Langsdon,Crocker,lcrockerl5@infoseek.co.jp,9462519173,Male,1
763,763,26,Con,Duberry,cduberryl6@cbc.ca,2349831855,Female,1
764,764,27,Tymothy,Donn,tdonnl7@kickstarter.com,5858999840,Male,1
765,765,28,Farrand,Bleakley,fbleakleyl8@telegraph.co.uk,4235403032,Female,1
766,766,29,Fidelia,Angove,fangovel9@fda.gov,5769597086,Female,1
767,767,30,Anders,Bowe,abowela@ning.com,1364627725,Male,1
768,768,31,Madelin,Guly,mgulylb@trellian.com,2042789400,Female,1
769,769,32,Merrilee,Hilling,mhillinglc@pagesperso-orange.fr,9728883138,Female,1
770,770,33,Phyllida,Frostdicke,pfrostdickeld@ucoz.com,2162096437,Female,1
771,771,34,Andie,Dinnage,adinnagele@patch.com,4141685596,Male,1
772,772,35,Ninette,Fayne,nfaynelf@time.com,9688100070,Female,1
773,773,36,Meir,Simants,msimantslg@mediafire.com,2355718608,Male,1
774,774,37,Bennett,Penketh,bpenkethlh@ihg.com,5265879724,Male,1
775,775,38,Katrinka,Burry,kburryli@soup.io,2528974509,Female,1
776,776,39,Wallis,Paula,wpaulalj@163.com,1159428573,Male,1
777,777,40,Paola,Dalgarno,pdalgarnolk@xrea.com,7507440533,Female,1
778,778,41,Joby,Bagniuk,jbagniukll@unc.edu,8315934853,Female,1
779,779,42,Francklyn,Huttley,fhuttleylm@artisteer.com,5702321012,Male,1
780,780,43,Alecia,Simonnot,asimonnotln@digg.com,4879622565,Female,1
781,781,44,Michaeline,Caldera,mcalderalo@51.la,3539296404,Female,1
782,782,45,Sapphire,Chaffyn,schaffynlp@ucoz.com,8293649470,Female,1
783,783,46,Zach,Bettesworth,zbettesworthlq@digg.com,6522269930,Non-binary,1
784,784,47,Sibley,Gillard,sgillardlr@clickbank.net,1216331851,Female,1
785,785,48,Reggis,Shale,rshalels@ifeng.com,5507509028,Male,1
786,786,49,Lisle,Ewell,lewelllt@wix.com,6151606244,Male,1
787,787,50,Kirstyn,Whitmell,kwhitmelllu@amazonaws.com,8252344787,Female,1
788,788,51,Davis,Bennit,dbennitlv@woothemes.com,8245476720,Male,1
789,789,52,Grayce,Zoellner,gzoellnerlw@pen.io,7309553950,Female,1
790,790,53,Dee dee,Burney,dburneylx@howstuffworks.com,4921977345,Female,1
791,791,54,Bonny,Mackley,bmackleyly@surveymonkey.com,9851592997,Female,1
792,792,55,Harley,Verbeke,hverbekelz@livejournal.com,7334683569,Female,1
793,793,56,Melisandra,Sapshed,msapshedm0@ed.gov,9017374044,Female,1
794,794,57,Berti,Fragino,bfraginom1@toplist.cz,9596491945,Female,1
795,795,58,Tynan,Winsbury,twinsburym2@zimbio.com,1628073355,Male,1
796,796,59,Eda,Planks,eplanksm3@ft.com,1767818637,Female,1
797,797,60,Maryrose,Rounding,mroundingm4@lulu.com,4798523934,Female,1
798,798,61,Paula,Renner,prennerm5@scribd.com,5632557226,Female,1
799,799,62,Celia,Matchett,cmatchettm6@usda.gov,4024983239,Female,1
800,800,63,Leslie,Ludovico,lludovicom7@topsy.com,9076415565,Female,1
801,801,64,Florida,Rraundl,frraundlm8@123-reg.co.uk,8296806099,Agender,1
802,802,65,Mervin,Cossentine,mcossentinem9@yahoo.com,5592462275,Male,1
803,803,66,Cyndy,Cogzell,ccogzellma@multiply.com,4285386783,Female,1
804,804,67,Rosalind,Biswell,rbiswellmb@hhs.gov,4425141836,Female,1
805,805,68,Evin,Edgeworth,eedgeworthmc@cmu.edu,6846871256,Male,1
806,806,69,Murdoch,Harmstone,mharmstonemd@godaddy.com,4054778248,Male,1
807,807,70,Rasla,Clement,rclementme@newsvine.com,1194116681,Female,1
808,808,71,Bartholomew,Bruyett,bbruyettmf@wix.com,9985252117,Male,1
809,809,72,Ramona,Tenney,rtenneymg@ustream.tv,2148332553,Female,1
810,810,73,Guinna,Ulyat,gulyatmh@surveymonkey.com,1905495448,Female,1
811,811,74,Mildrid,Dallan,mdallanmi@mapy.cz,6619098280,Female,1
812,812,75,Thomasa,Parkin,tparkinmj@paginegialle.it,5674972766,Agender,1
813,813,18,Ernaline,Vegas,evegasmk@baidu.com,5187766374,Female,1
814,814,19,Thaddeus,Sapsforde,tsapsfordeml@va.gov,8682096457,Male,1
815,815,20,Graehme,Shalliker,gshallikermm@sourceforge.net,4826186170,Male,1
816,816,21,Vidovic,Dwight,vdwightmn@360.cn,7602904930,Male,1
817,817,22,Bastien,Burgoine,bburgoinemo@odnoklassniki.ru,4233702668,Male,1
818,818,23,Giles,Carmont,gcarmontmp@webeden.co.uk,9501906848,Male,1
819,819,24,Friedrich,Charte,fchartemq@imageshack.us,3735112804,Genderqueer,1
820,820,25,Shelley,Blowen,sblowenmr@dyndns.org,3118979300,Male,1
821,821,26,Lindsay,Sinton,lsintonms@amazon.com,7288456456,Male,1
822,822,27,Sarene,Costanza,scostanzamt@google.com.au,6804615209,Genderqueer,1
823,823,28,Adan,Kix,akixmu@sohu.com,2496165522,Male,1
824,824,29,Winny,Drowsfield,wdrowsfieldmv@opera.com,4827150320,Male,1
825,825,30,Myriam,Jewess,mjewessmw@wordpress.com,3188088794,Female,1
826,826,31,Orson,Skinn,oskinnmx@wikipedia.org,1639770728,Male,1
827,827,32,Osbourn,Macci,omaccimy@360.cn,1724062119,Male,1
828,828,33,Wendye,McErlaine,wmcerlainemz@biblegateway.com,3374139721,Genderqueer,1
829,829,34,Maurise,O'Towey,motoweyn0@jimdo.com,7045083980,Female,1
830,830,35,Hester,Heindrick,hheindrickn1@canalblog.com,8891190473,Female,1
831,831,36,Lela,Abrahamian,labrahamiann2@xinhuanet.com,6105497777,Female,1
832,832,37,Lanie,Allwright,lallwrightn3@businessinsider.com,3999935211,Agender,1
833,833,38,Shem,Tomik,stomikn4@liveinternet.ru,7163831405,Male,1
834,834,39,Natasha,Marcroft,nmarcroftn5@barnesandnoble.com,3812323958,Female,1
835,835,40,Lance,Renol,lrenoln6@bloglovin.com,7135455228,Male,1
836,836,41,Saba,Freegard,sfreegardn7@homestead.com,5497554607,Female,1
837,837,42,Calida,Riepl,criepln8@barnesandnoble.com,9283206933,Female,1
838,838,43,Delly,Ching,dchingn9@desdev.cn,3383956681,Female,1
839,839,44,Mariel,Dominetti,mdominettina@alibaba.com,9147617641,Female,1
840,840,45,Ingamar,MacAlpyne,imacalpynenb@1und1.de,2598067675,Male,1
841,841,46,Antons,Coate,acoatenc@utexas.edu,3799375344,Male,1
842,842,47,Darcey,Brattell,dbrattellnd@census.gov,8615697078,Female,1
843,843,48,Berti,Kleimt,bkleimtne@google.cn,3191670857,Female,1
844,844,49,Coop,Gabites,cgabitesnf@icio.us,1034925311,Male,1
845,845,50,Caren,Plevey,cpleveyng@biglobe.ne.jp,1841765061,Female,1
846,846,51,Cecilla,Ianitti,cianittinh@senate.gov,7867785648,Female,1
847,847,52,Lauree,Le Gassick,llegassickni@blogspot.com,7795280549,Female,1
848,848,53,Drusi,Muckart,dmuckartnj@tinyurl.com,4281188579,Non-binary,1
849,849,54,Trstram,Boshard,tboshardnk@51.la,4736890770,Male,1
850,850,55,Tanney,Ornillos,tornillosnl@vkontakte.ru,1273112934,Male,1
851,851,56,Jemmy,Shadfourth,jshadfourthnm@census.gov,1329294356,Female,1
852,852,57,Starlin,Seide,sseidenn@histats.com,4313566374,Female,1
853,853,58,Tawnya,Rosie,trosieno@woothemes.com,2769278024,Female,1
854,854,59,Oates,Lille,olillenp@1688.com,8433969749,Male,1
855,855,60,Ali,Goudge,agoudgenq@weather.com,9983206349,Male,1
856,856,61,Cinda,Kenright,ckenrightnr@qq.com,3564020905,Female,1
857,857,62,Dodie,Lackemann,dlackemannns@cbslocal.com,7945662490,Female,1
858,858,63,Durand,Bradnock,dbradnocknt@japanpost.jp,6359777218,Male,1
859,859,64,Lianne,Scampion,lscampionnu@oaic.gov.au,7576209267,Female,1
860,860,65,Antonin,Tovey,atoveynv@alexa.com,3479107163,Male,1
861,861,66,Sherrie,Ivanisov,sivanisovnw@ow.ly,2593304591,Female,1
862,862,67,Whitney,Lanigan,wlanigannx@uiuc.edu,5547952904,Non-binary,1
863,863,68,Davide,Vallerine,dvallerineny@ihg.com,2177215822,Male,1
864,864,69,Morgana,Thrift,mthriftnz@pcworld.com,7153278203,Female,1
865,865,70,Katerine,Scullion,ksculliono0@ucsd.edu,5384429447,Female,1
866,866,71,Bryce,Deener,bdeenero1@naver.com,1477641000,Male,1
867,867,72,Maurise,Leason,mleasono2@nba.com,5394342616,Genderfluid,1
868,868,73,Lyndy,Ivanonko,livanonkoo3@de.vu,2364146546,Female,1
869,869,74,Ruthann,Hullbrook,rhullbrooko4@spiegel.de,4517373711,Female,1
870,870,75,Joletta,Tytcomb,jtytcombo5@ebay.com,8738555351,Female,1
871,871,18,Hayden,Olyunin,holyunino6@seesaa.net,9134494481,Male,1
872,872,19,Florence,Ferriday,fferridayo7@vk.com,2556865783,Female,1
873,873,20,Kristopher,Frediani,kfredianio8@ezinearticles.com,5029395311,Male,1
874,874,21,Ruth,Hryniewicz,rhryniewiczo9@macromedia.com,6437904106,Female,1
875,875,22,Granger,Gridley,ggridleyoa@walmart.com,8739024802,Male,1
876,876,23,Catrina,Millwater,cmillwaterob@goo.ne.jp,2247763347,Female,1
877,877,24,Mala,Gomez,mgomezoc@furl.net,7964922493,Female,1
878,878,25,Hetti,Klimontovich,hklimontovichod@ycombinator.com,7339665330,Female,1
879,879,26,Randall,McBain,rmcbainoe@blinklist.com,3191738938,Male,1
880,880,27,Lorianna,Van Niekerk,lvanniekerkof@feedburner.com,8615627079,Female,1
881,881,28,Gerianna,Ahren,gahrenog@toplist.cz,7805110444,Female,1
882,882,29,Ferguson,Burnhard,fburnhardoh@census.gov,1648686009,Male,1
883,883,30,Seumas,De Bruijn,sdebruijnoi@xrea.com,5164060144,Male,1
884,884,31,Olivie,Corris,ocorrisoj@bizjournals.com,7729410693,Agender,1
885,885,32,Allen,Igoe,aigoeok@deviantart.com,6959448184,Male,1
886,886,33,Cindelyn,Matzkaitis,cmatzkaitisol@wordpress.com,2551125023,Female,1
887,887,34,Saba,Withrop,swithropom@fotki.com,4754284183,Female,1
888,888,35,Noelle,Olerenshaw,nolerenshawon@tmall.com,5423188149,Female,1
889,889,36,Thain,Guiraud,tguiraudoo@4shared.com,5643351299,Male,1
890,890,37,Sisile,Cordova,scordovaop@ebay.co.uk,4541569484,Female,1
891,891,38,Evonne,Aspinell,easpinelloq@yelp.com,4187289910,Female,1
892,892,39,Lynn,Wilber,lwilberor@google.com.hk,4095340017,Female,1
893,893,40,Dorolisa,Kinsett,dkinsettos@walmart.com,7044973888,Female,1
894,894,41,Kelley,Merit,kmeritot@tuttocitta.it,1702960467,Male,1
895,895,42,Jocelyne,Lewisham,jlewishamou@shutterfly.com,9334859290,Genderqueer,1
896,896,43,Georg,Fitter,gfitterov@amazon.com,3407946199,Male,1
897,897,44,Ralph,Chedgey,rchedgeyow@thetimes.co.uk,1522606935,Male,1
898,898,45,Jere,Pencost,jpencostox@google.de,3101393743,Female,1
899,899,46,Alyce,Eggerton,aeggertonoy@blogger.com,1042230262,Genderfluid,1
900,900,47,Reed,Matantsev,rmatantsevoz@dyndns.org,7394394132,Male,1
901,901,48,Benoite,Steffans,bsteffansp0@narod.ru,8927241647,Agender,1
902,902,49,Hedi,Attiwill,hattiwillp1@timesonline.co.uk,5398585144,Female,1
903,903,50,Sarita,Walesa,swalesap2@abc.net.au,7772929075,Female,1
904,904,51,Berne,Kasting,bkastingp3@over-blog.com,9734558496,Male,1
905,905,52,Scarlet,Bowller,sbowllerp4@rediff.com,3462850679,Female,1
906,906,53,Joni,Gomez,jgomezp5@alexa.com,4092211777,Female,1
907,907,54,Jeralee,Joicey,jjoiceyp6@mail.ru,6273352101,Female,1
908,908,55,Liuka,Stoaks,lstoaksp7@state.tx.us,1203871522,Female,1
909,909,56,Merrilee,Torrijos,mtorrijosp8@jalbum.net,3625121353,Female,1
910,910,57,Rena,Ferencz,rferenczp9@mayoclinic.com,6022685466,Female,1
911,911,58,Rowney,Croxall,rcroxallpa@ucoz.ru,5096010378,Male,1
912,912,59,Jefferey,Peschka,jpeschkapb@vk.com,8842953212,Male,1
913,913,60,Eyde,Bickerstasse,ebickerstassepc@aboutads.info,9966556116,Female,1
914,914,61,Jehu,Vivash,jvivashpd@typepad.com,9757766679,Male,1
915,915,62,Hilly,Semper,hsemperpe@opera.com,4498113319,Male,1
916,916,63,Brock,Dearlove,bdearlovepf@marketwatch.com,9247424737,Male,1
917,917,64,Davin,Cavanaugh,dcavanaughpg@discovery.com,7892751929,Male,1
918,918,65,Cindy,Talbot,ctalbotph@narod.ru,7389631921,Female,1
919,919,66,Ellie,Skewes,eskewespi@twitpic.com,7428763515,Female,1
920,920,67,Lissi,Book,lbookpj@studiopress.com,4583509149,Female,1
921,921,68,Joey,Stearn,jstearnpk@msu.edu,8445774764,Female,1
922,922,69,Robbert,Pleven,rplevenpl@stumbleupon.com,4321952359,Male,1
923,923,70,Mickey,Astridge,mastridgepm@berkeley.edu,4719166874,Male,1
924,924,71,Cam,Welbourn,cwelbournpn@diigo.com,5179285655,Female,1
925,925,72,Gayleen,De Souza,gdesouzapo@bloglines.com,3928621148,Non-binary,1
926,926,73,Sibelle,Beautyman,sbeautymanpp@nydailynews.com,3619962775,Genderqueer,1
927,927,74,Ambrosio,Morit,amoritpq@tamu.edu,3158161460,Male,1
928,928,75,Elvis,Hollows,ehollowspr@sina.com.cn,6064331999,Male,1
929,929,18,Alicia,Stirling,astirlingps@techcrunch.com,5186572422,Non-binary,1
930,930,19,Carlita,Meiningen,cmeiningenpt@shareasale.com,9757204748,Female,1
931,931,20,Jessamyn,Goodnow,jgoodnowpu@domainmarket.com,2065265026,Female,1
932,932,21,Romonda,Daudray,rdaudraypv@about.me,6975957476,Female,1
933,933,22,Odille,Gault,ogaultpw@google.es,3641211684,Polygender,1
934,934,23,Laurella,Cleland,lclelandpx@tinypic.com,4258463467,Female,1
935,935,24,Leda,Olivet,lolivetpy@businesswire.com,2105593837,Female,1
936,936,25,Che,Papis,cpapispz@yellowbook.com,8313315257,Male,1
937,937,26,Felicle,Few,ffewq0@nbcnews.com,6861510310,Bigender,1
938,938,27,Aron,Sedge,asedgeq1@facebook.com,9663172678,Male,1
939,939,28,Renata,O'Fallon,rofallonq2@wp.com,2348939678,Female,1
940,940,29,Tressa,Battye,tbattyeq3@mlb.com,1346942230,Female,1
941,941,30,Nathanil,Monteith,nmonteithq4@vimeo.com,6199780214,Male,1
942,942,31,Codee,Prestidge,cprestidgeq5@feedburner.com,4045843033,Female,1
943,943,32,Powell,Aspole,paspoleq6@stanford.edu,9291756365,Bigender,1
944,944,33,Evey,Shale,eshaleq7@wufoo.com,2769561041,Polygender,1
945,945,34,Cassie,Spaven,cspavenq8@etsy.com,3083879512,Female,1
946,946,35,Mirella,Coots,mcootsq9@instagram.com,2498046964,Female,1
947,947,36,Welsh,Edleston,wedlestonqa@census.gov,8045667843,Male,1
948,948,37,Maryl,Branford,mbranfordqb@freewebs.com,3396586010,Female,1
949,949,38,Charley,Millis,cmillisqc@google.com.hk,6916883974,Male,1
950,950,39,Joanne,Wolverson,jwolversonqd@globo.com,9907796546,Female,1
951,951,40,Caria,Horsefield,chorsefieldqe@disqus.com,8523772472,Female,1
952,952,41,Woody,Caffrey,wcaffreyqf@dailymotion.com,2739565664,Male,1
953,953,42,Myrwyn,Cuerdall,mcuerdallqg@wordpress.org,2386316255,Male,1
954,954,43,William,O' Sullivan,wosullivanqh@buzzfeed.com,8307243138,Male,1
955,955,44,Wayland,Bourton,wbourtonqi@goo.gl,1918680512,Male,1
956,956,45,Baxy,Aleksashin,baleksashinqj@blinklist.com,8662469636,Male,1
957,957,46,Faunie,Sheering,fsheeringqk@hostgator.com,2009437956,Female,1
958,958,47,Nellie,Haslum,nhaslumql@amazon.com,4728351068,Female,1
959,959,48,Nathalia,Raddin,nraddinqm@mtv.com,1444666480,Female,1
960,960,49,Conchita,Birt,cbirtqn@amazon.com,8395635073,Female,1
961,961,50,Anthia,O'Skehan,aoskehanqo@naver.com,1313654150,Female,1
962,962,51,Dotti,Marsie,dmarsieqp@shinystat.com,2218059866,Female,1
963,963,52,Eolanda,Kiossel,ekiosselqq@bloomberg.com,7733708054,Female,1
964,964,53,Luci,Havis,lhavisqr@stanford.edu,8522638434,Female,1
965,965,54,Claudie,Canto,ccantoqs@si.edu,7552391099,Female,1
966,966,55,Davin,Rapley,drapleyqt@walmart.com,2859939380,Male,1
967,967,56,Hartwell,Keigher,hkeigherqu@ask.com,7704102705,Male,1
968,968,57,Arlen,Vispo,avispoqv@csmonitor.com,8148554635,Bigender,1
969,969,58,Giffie,Picardo,gpicardoqw@yelp.com,6864518895,Male,1
970,970,59,Payton,Ledur,pledurqx@drupal.org,4388540424,Male,1
971,971,60,Ketti,Merricks,kmerricksqy@weibo.com,6582511462,Female,1
972,972,61,Maddy,Kiehne,mkiehneqz@csmonitor.com,6061137952,Female,1
973,973,62,Broddy,Corkel,bcorkelr0@psu.edu,8632790177,Male,1
974,974,63,Guglielma,Cropper,gcropperr1@csmonitor.com,6059864578,Female,1
975,975,64,Ulrich,Dursley,udursleyr2@ezinearticles.com,5457632584,Male,1
976,976,65,Paco,Bowcock,pbowcockr3@gravatar.com,5662992452,Male,1
977,977,66,Bernette,Greste,bgrester4@posterous.com,3192700683,Female,1
978,978,67,Evin,Kuschke,ekuschker5@weebly.com,4677138782,Male,1
979,979,68,Torie,Comben,tcombenr6@tmall.com,5728306911,Polygender,1
980,980,69,Myrtie,Canning,mcanningr7@netlog.com,2874664211,Female,1
981,981,70,Odessa,Johncey,ojohnceyr8@networkadvertising.org,8872034812,Female,1
982,982,71,Tanitansy,Drakeford,tdrakefordr9@ox.ac.uk,4896629904,Female,1
983,983,72,Queenie,Pieracci,qpieraccira@reuters.com,2016600902,Female,1
984,984,73,Ervin,Casbon,ecasbonrb@vinaora.com,4521548343,Male,1
985,985,74,Mendy,Bourthouloume,mbourthouloumerc@marketwatch.com,3073868537,Male,1
986,986,75,Martica,Halvosen,mhalvosenrd@hhs.gov,4118275186,Female,1
987,987,18,Antonietta,Taaffe,ataaffere@aboutads.info,9596078902,Female,1
988,988,19,Kim,Lapworth,klapworthrf@amazon.co.uk,8651242521,Male,1
989,989,20,Dave,Milmoe,dmilmoerg@biglobe.ne.jp,3846057910,Genderfluid,1
990,990,21,Marcellus,Zottoli,mzottolirh@state.gov,1834052323,Male,1
991,991,22,Bernette,Desvignes,bdesvignesri@tumblr.com,4027364394,Female,1
992,992,23,Adey,Jermyn,ajermynrj@homestead.com,9837950481,Female,1
993,993,24,Joe,Gwillyam,jgwillyamrk@lulu.com,9184917858,Genderfluid,1
994,994,25,Patricio,Davidovic,pdavidovicrl@moonfruit.com,6466729876,Male,1
995,995,26,Arleen,Pontain,apontainrm@auda.org.au,1562498309,Genderfluid,1
996,996,27,Jenni,Doberer,jdobererrn@surveymonkey.com,1886523663,Female,1
997,997,28,Eveleen,Buncher,ebuncherro@reuters.com,7644821405,Female,1
998,998,29,Waldemar,Oslar,woslarrp@gov.uk,2436475326,Male,1
999,999,30,Mikaela,Morrel,mmorrelrq@intel.com,8557560848,Female,1
1000,1000,31,Pryce,Petrik,ppetrikrr@spotify.com,4306770804,Male,1
,,,,,,,,
